LOCATION,INDICATOR,SUBJECT,MEASURE,FREQUENCY,TIME,Value,Flag Codes
SVN,ROADACCID,DEATH,NBR,A,1994,505,
SVN,ROADACCID,DEATH,NBR,A,1995,415,
SVN,ROADACCID,DEATH,NBR,A,1996,389,
SVN,ROADACCID,DEATH,NBR,A,1997,357,
SVN,ROADACCID,DEATH,NBR,A,1998,309,
SVN,ROADACCID,DEATH,NBR,A,1999,334,
SVN,ROADACCID,DEATH,NBR,A,2000,313,
SVN,ROADACCID,DEATH,NBR,A,2001,278,
SVN,ROADACCID,DEATH,NBR,A,2002,268,
SVN,ROADACCID,DEATH,NBR,A,2003,242,
SVN,ROADACCID,DEATH,NBR,A,2004,274,
SVN,ROADACCID,DEATH,NBR,A,2005,258,
SVN,ROADACCID,DEATH,NBR,A,2006,262,
SVN,ROADACCID,DEATH,NBR,A,2007,293,
SVN,ROADACCID,DEATH,NBR,A,2008,214,
SVN,ROADACCID,DEATH,NBR,A,2009,171,
SVN,ROADACCID,DEATH,NBR,A,2010,138,
SVN,ROADACCID,DEATH,NBR,A,2011,141,
SVN,ROADACCID,DEATH,NBR,A,2012,130,
SVN,ROADACCID,DEATH,NBR,A,2013,125,
SVN,ROADACCID,DEATH,NBR,A,2014,108,
SVN,ROADACCID,DEATH,NBR,A,2015,120,
SVN,ROADACCID,DEATH,NBR,A,2016,130,
SVN,ROADACCID,DEATH,NBR,A,2017,104,
SVN,ROADACCID,DEATH,NBR,A,2018,91,
SVN,ROADACCID,DEATH,NBR,A,2019,102,
EST,ROADACCID,DEATH,NBR,A,1994,364,
EST,ROADACCID,DEATH,NBR,A,1995,332,
EST,ROADACCID,DEATH,NBR,A,1996,213,
EST,ROADACCID,DEATH,NBR,A,1997,279,
EST,ROADACCID,DEATH,NBR,A,1998,284,
EST,ROADACCID,DEATH,NBR,A,1999,232,
EST,ROADACCID,DEATH,NBR,A,2000,204,
EST,ROADACCID,DEATH,NBR,A,2001,199,
EST,ROADACCID,DEATH,NBR,A,2002,223,
EST,ROADACCID,DEATH,NBR,A,2003,164,
EST,ROADACCID,DEATH,NBR,A,2004,170,
EST,ROADACCID,DEATH,NBR,A,2005,170,
EST,ROADACCID,DEATH,NBR,A,2006,204,
EST,ROADACCID,DEATH,NBR,A,2007,196,
EST,ROADACCID,DEATH,NBR,A,2008,132,
EST,ROADACCID,DEATH,NBR,A,2009,100,
EST,ROADACCID,DEATH,NBR,A,2010,79,
EST,ROADACCID,DEATH,NBR,A,2011,101,
EST,ROADACCID,DEATH,NBR,A,2012,87,
EST,ROADACCID,DEATH,NBR,A,2013,81,
EST,ROADACCID,DEATH,NBR,A,2014,78,
EST,ROADACCID,DEATH,NBR,A,2015,67,
EST,ROADACCID,DEATH,NBR,A,2016,71,
EST,ROADACCID,DEATH,NBR,A,2017,48,
EST,ROADACCID,DEATH,NBR,A,2018,67,
EST,ROADACCID,DEATH,NBR,A,2019,52,
AUT,ROADACCID,DEATH,NBR,A,1994,1338,
AUT,ROADACCID,DEATH,NBR,A,1995,1210,
AUT,ROADACCID,DEATH,NBR,A,1996,1027,
AUT,ROADACCID,DEATH,NBR,A,1997,1105,
AUT,ROADACCID,DEATH,NBR,A,1998,963,
AUT,ROADACCID,DEATH,NBR,A,1999,1079,
AUT,ROADACCID,DEATH,NBR,A,2000,976,
AUT,ROADACCID,DEATH,NBR,A,2001,958,
AUT,ROADACCID,DEATH,NBR,A,2002,956,
AUT,ROADACCID,DEATH,NBR,A,2003,931,
AUT,ROADACCID,DEATH,NBR,A,2004,878,
AUT,ROADACCID,DEATH,NBR,A,2005,768,
AUT,ROADACCID,DEATH,NBR,A,2006,730,
AUT,ROADACCID,DEATH,NBR,A,2007,691,
AUT,ROADACCID,DEATH,NBR,A,2008,679,
AUT,ROADACCID,DEATH,NBR,A,2009,633,
AUT,ROADACCID,DEATH,NBR,A,2010,552,
AUT,ROADACCID,DEATH,NBR,A,2011,523,
AUT,ROADACCID,DEATH,NBR,A,2012,531,B
AUT,ROADACCID,DEATH,NBR,A,2013,455,
AUT,ROADACCID,DEATH,NBR,A,2014,430,
AUT,ROADACCID,DEATH,NBR,A,2015,479,
AUT,ROADACCID,DEATH,NBR,A,2016,432,
AUT,ROADACCID,DEATH,NBR,A,2017,414,
AUT,ROADACCID,DEATH,NBR,A,2018,409,
AUT,ROADACCID,DEATH,NBR,A,2019,416,
HUN,ROADACCID,DEATH,NBR,A,1994,1562,
HUN,ROADACCID,DEATH,NBR,A,1995,1589,
HUN,ROADACCID,DEATH,NBR,A,1996,1370,
HUN,ROADACCID,DEATH,NBR,A,1997,1391,
HUN,ROADACCID,DEATH,NBR,A,1998,1371,
HUN,ROADACCID,DEATH,NBR,A,1999,1306,
HUN,ROADACCID,DEATH,NBR,A,2000,1200,
HUN,ROADACCID,DEATH,NBR,A,2001,1239,
HUN,ROADACCID,DEATH,NBR,A,2002,1429,
HUN,ROADACCID,DEATH,NBR,A,2003,1326,
HUN,ROADACCID,DEATH,NBR,A,2004,1296,
HUN,ROADACCID,DEATH,NBR,A,2005,1278,
HUN,ROADACCID,DEATH,NBR,A,2006,1303,
HUN,ROADACCID,DEATH,NBR,A,2007,1232,
HUN,ROADACCID,DEATH,NBR,A,2008,996,
HUN,ROADACCID,DEATH,NBR,A,2009,822,
HUN,ROADACCID,DEATH,NBR,A,2010,740,
HUN,ROADACCID,DEATH,NBR,A,2011,638,
HUN,ROADACCID,DEATH,NBR,A,2012,605,
HUN,ROADACCID,DEATH,NBR,A,2013,591,
HUN,ROADACCID,DEATH,NBR,A,2014,626,
HUN,ROADACCID,DEATH,NBR,A,2015,644,
HUN,ROADACCID,DEATH,NBR,A,2016,607,
HUN,ROADACCID,DEATH,NBR,A,2017,625,
HUN,ROADACCID,DEATH,NBR,A,2018,633,
HUN,ROADACCID,DEATH,NBR,A,2019,602,
GEO,ROADACCID,DEATH,NBR,A,1994,494,
GEO,ROADACCID,DEATH,NBR,A,1995,450,
GEO,ROADACCID,DEATH,NBR,A,1996,437,
GEO,ROADACCID,DEATH,NBR,A,1997,449,
GEO,ROADACCID,DEATH,NBR,A,1998,466,
GEO,ROADACCID,DEATH,NBR,A,1999,539,
GEO,ROADACCID,DEATH,NBR,A,2000,500,
GEO,ROADACCID,DEATH,NBR,A,2001,558,
GEO,ROADACCID,DEATH,NBR,A,2002,515,
GEO,ROADACCID,DEATH,NBR,A,2003,572,
GEO,ROADACCID,DEATH,NBR,A,2004,637,
GEO,ROADACCID,DEATH,NBR,A,2005,581,
GEO,ROADACCID,DEATH,NBR,A,2006,675,
GEO,ROADACCID,DEATH,NBR,A,2007,737,
GEO,ROADACCID,DEATH,NBR,A,2008,867,
GEO,ROADACCID,DEATH,NBR,A,2009,738,
GEO,ROADACCID,DEATH,NBR,A,2010,685,
GEO,ROADACCID,DEATH,NBR,A,2011,526,
GEO,ROADACCID,DEATH,NBR,A,2012,605,
GEO,ROADACCID,DEATH,NBR,A,2013,514,
GEO,ROADACCID,DEATH,NBR,A,2014,511,
GEO,ROADACCID,DEATH,NBR,A,2015,602,
GEO,ROADACCID,DEATH,NBR,A,2016,581,
GEO,ROADACCID,DEATH,NBR,A,2017,517,
GEO,ROADACCID,DEATH,NBR,A,2018,459,
GEO,ROADACCID,DEATH,NBR,A,2019,481,
CZE,ROADACCID,DEATH,NBR,A,1994,1637,
CZE,ROADACCID,DEATH,NBR,A,1995,1588,
CZE,ROADACCID,DEATH,NBR,A,1996,1568,
CZE,ROADACCID,DEATH,NBR,A,1997,1597,
CZE,ROADACCID,DEATH,NBR,A,1998,1360,
CZE,ROADACCID,DEATH,NBR,A,1999,1455,
CZE,ROADACCID,DEATH,NBR,A,2000,1486,
CZE,ROADACCID,DEATH,NBR,A,2001,1334,
CZE,ROADACCID,DEATH,NBR,A,2002,1431,
CZE,ROADACCID,DEATH,NBR,A,2003,1447,
CZE,ROADACCID,DEATH,NBR,A,2004,1382,
CZE,ROADACCID,DEATH,NBR,A,2005,1286,
CZE,ROADACCID,DEATH,NBR,A,2006,1063,
CZE,ROADACCID,DEATH,NBR,A,2007,1222,
CZE,ROADACCID,DEATH,NBR,A,2008,1076,
CZE,ROADACCID,DEATH,NBR,A,2009,901,
CZE,ROADACCID,DEATH,NBR,A,2010,802,
CZE,ROADACCID,DEATH,NBR,A,2011,773,
CZE,ROADACCID,DEATH,NBR,A,2012,742,
CZE,ROADACCID,DEATH,NBR,A,2013,654,
CZE,ROADACCID,DEATH,NBR,A,2014,688,
CZE,ROADACCID,DEATH,NBR,A,2015,738,
CZE,ROADACCID,DEATH,NBR,A,2016,611,
CZE,ROADACCID,DEATH,NBR,A,2017,577,
CZE,ROADACCID,DEATH,NBR,A,2018,656,
CZE,ROADACCID,DEATH,NBR,A,2019,618,
MDA,ROADACCID,DEATH,NBR,A,1994,540,
MDA,ROADACCID,DEATH,NBR,A,1995,544,
MDA,ROADACCID,DEATH,NBR,A,1996,554,
MDA,ROADACCID,DEATH,NBR,A,1997,569,
MDA,ROADACCID,DEATH,NBR,A,1998,492,
MDA,ROADACCID,DEATH,NBR,A,1999,396,
MDA,ROADACCID,DEATH,NBR,A,2000,406,
MDA,ROADACCID,DEATH,NBR,A,2001,420,
MDA,ROADACCID,DEATH,NBR,A,2002,412,
MDA,ROADACCID,DEATH,NBR,A,2003,425,
MDA,ROADACCID,DEATH,NBR,A,2004,405,
MDA,ROADACCID,DEATH,NBR,A,2005,391,
MDA,ROADACCID,DEATH,NBR,A,2006,382,
MDA,ROADACCID,DEATH,NBR,A,2007,464,
MDA,ROADACCID,DEATH,NBR,A,2008,509,
MDA,ROADACCID,DEATH,NBR,A,2009,487,
MDA,ROADACCID,DEATH,NBR,A,2010,452,
MDA,ROADACCID,DEATH,NBR,A,2011,443,
MDA,ROADACCID,DEATH,NBR,A,2012,441,
MDA,ROADACCID,DEATH,NBR,A,2013,301,
MDA,ROADACCID,DEATH,NBR,A,2014,324,
MDA,ROADACCID,DEATH,NBR,A,2015,298,
MDA,ROADACCID,DEATH,NBR,A,2016,311,
MDA,ROADACCID,DEATH,NBR,A,2017,302,
MDA,ROADACCID,DEATH,NBR,A,2018,274,
MDA,ROADACCID,DEATH,NBR,A,2019,274,
BIH,ROADACCID,DEATH,NBR,A,1994,149,
BIH,ROADACCID,DEATH,NBR,A,1995,215,
BIH,ROADACCID,DEATH,NBR,A,1996,199,
BIH,ROADACCID,DEATH,NBR,A,1997,230,
BIH,ROADACCID,DEATH,NBR,A,2003,460,
BIH,ROADACCID,DEATH,NBR,A,2004,437,
BIH,ROADACCID,DEATH,NBR,A,2005,384,
BIH,ROADACCID,DEATH,NBR,A,2006,403,
BIH,ROADACCID,DEATH,NBR,A,2007,430,
BIH,ROADACCID,DEATH,NBR,A,2008,434,
BIH,ROADACCID,DEATH,NBR,A,2009,382,
BIH,ROADACCID,DEATH,NBR,A,2010,362,
BIH,ROADACCID,DEATH,NBR,A,2011,356,
BIH,ROADACCID,DEATH,NBR,A,2012,303,
BIH,ROADACCID,DEATH,NBR,A,2013,334,
BIH,ROADACCID,DEATH,NBR,A,2014,297,
BIH,ROADACCID,DEATH,NBR,A,2015,341,
BIH,ROADACCID,DEATH,NBR,A,2016,321,
BIH,ROADACCID,DEATH,NBR,A,2017,298,
BIH,ROADACCID,DEATH,NBR,A,2018,277,
AUS,ROADACCID,DEATH,NBR,A,1994,1928,
AUS,ROADACCID,DEATH,NBR,A,1995,2017,
AUS,ROADACCID,DEATH,NBR,A,1996,1970,
AUS,ROADACCID,DEATH,NBR,A,1997,1767,
AUS,ROADACCID,DEATH,NBR,A,1998,1755,
AUS,ROADACCID,DEATH,NBR,A,1999,1764,
AUS,ROADACCID,DEATH,NBR,A,2000,1817,
AUS,ROADACCID,DEATH,NBR,A,2001,1737,
AUS,ROADACCID,DEATH,NBR,A,2002,1715,
AUS,ROADACCID,DEATH,NBR,A,2003,1621,
AUS,ROADACCID,DEATH,NBR,A,2004,1583,
AUS,ROADACCID,DEATH,NBR,A,2005,1627,
AUS,ROADACCID,DEATH,NBR,A,2006,1598,
AUS,ROADACCID,DEATH,NBR,A,2007,1603,
AUS,ROADACCID,DEATH,NBR,A,2008,1437,
AUS,ROADACCID,DEATH,NBR,A,2009,1491,
AUS,ROADACCID,DEATH,NBR,A,2010,1353,
AUS,ROADACCID,DEATH,NBR,A,2011,1277,
AUS,ROADACCID,DEATH,NBR,A,2012,1300,
AUS,ROADACCID,DEATH,NBR,A,2013,1187,
AUS,ROADACCID,DEATH,NBR,A,2014,1151,
AUS,ROADACCID,DEATH,NBR,A,2015,1204,
AUS,ROADACCID,DEATH,NBR,A,2016,1293,
AUS,ROADACCID,DEATH,NBR,A,2017,1223,
AUS,ROADACCID,DEATH,NBR,A,2018,1137,
AUS,ROADACCID,DEATH,NBR,A,2019,1195,P
AZE,ROADACCID,DEATH,NBR,A,1994,1107,
AZE,ROADACCID,DEATH,NBR,A,1995,990,
AZE,ROADACCID,DEATH,NBR,A,1996,763,
AZE,ROADACCID,DEATH,NBR,A,1997,605,
AZE,ROADACCID,DEATH,NBR,A,1998,594,
AZE,ROADACCID,DEATH,NBR,A,1999,554,
AZE,ROADACCID,DEATH,NBR,A,2000,596,
AZE,ROADACCID,DEATH,NBR,A,2001,559,
AZE,ROADACCID,DEATH,NBR,A,2002,642,
AZE,ROADACCID,DEATH,NBR,A,2003,724,
AZE,ROADACCID,DEATH,NBR,A,2004,811,
AZE,ROADACCID,DEATH,NBR,A,2005,1065,
AZE,ROADACCID,DEATH,NBR,A,2006,1027,
AZE,ROADACCID,DEATH,NBR,A,2007,1107,
AZE,ROADACCID,DEATH,NBR,A,2008,1052,
AZE,ROADACCID,DEATH,NBR,A,2009,930,
AZE,ROADACCID,DEATH,NBR,A,2010,925,
AZE,ROADACCID,DEATH,NBR,A,2011,1016,
AZE,ROADACCID,DEATH,NBR,A,2012,1168,
AZE,ROADACCID,DEATH,NBR,A,2013,1164,
AZE,ROADACCID,DEATH,NBR,A,2014,1124,
AZE,ROADACCID,DEATH,NBR,A,2015,894,
AZE,ROADACCID,DEATH,NBR,A,2016,759,
AZE,ROADACCID,DEATH,NBR,A,2017,750,
AZE,ROADACCID,DEATH,NBR,A,2018,722,
AZE,ROADACCID,DEATH,NBR,A,2019,821,
BLR,ROADACCID,DEATH,NBR,A,1994,1670,
BLR,ROADACCID,DEATH,NBR,A,1995,1781,
BLR,ROADACCID,DEATH,NBR,A,1996,1730,
BLR,ROADACCID,DEATH,NBR,A,1997,1787,
BLR,ROADACCID,DEATH,NBR,A,1998,1849,
BLR,ROADACCID,DEATH,NBR,A,1999,1771,
BLR,ROADACCID,DEATH,NBR,A,2000,1594,
BLR,ROADACCID,DEATH,NBR,A,2001,1596,
BLR,ROADACCID,DEATH,NBR,A,2002,1728,
BLR,ROADACCID,DEATH,NBR,A,2003,1764,
BLR,ROADACCID,DEATH,NBR,A,2004,1688,
BLR,ROADACCID,DEATH,NBR,A,2005,1673,
BLR,ROADACCID,DEATH,NBR,A,2006,1726,
BLR,ROADACCID,DEATH,NBR,A,2007,1518,
BLR,ROADACCID,DEATH,NBR,A,2008,1564,
BLR,ROADACCID,DEATH,NBR,A,2009,1322,
BLR,ROADACCID,DEATH,NBR,A,2010,1190,
BLR,ROADACCID,DEATH,NBR,A,2011,1200,
BLR,ROADACCID,DEATH,NBR,A,2012,1039,
BLR,ROADACCID,DEATH,NBR,A,2013,894,
BLR,ROADACCID,DEATH,NBR,A,2014,757,
BLR,ROADACCID,DEATH,NBR,A,2015,664,
BLR,ROADACCID,DEATH,NBR,A,2016,588,
BLR,ROADACCID,DEATH,NBR,A,2017,589,
BLR,ROADACCID,DEATH,NBR,A,2018,549,
BLR,ROADACCID,DEATH,NBR,A,2019,505,
NZL,ROADACCID,DEATH,NBR,A,1994,580,
NZL,ROADACCID,DEATH,NBR,A,1995,582,
NZL,ROADACCID,DEATH,NBR,A,1996,514,
NZL,ROADACCID,DEATH,NBR,A,1997,539,
NZL,ROADACCID,DEATH,NBR,A,1998,501,
NZL,ROADACCID,DEATH,NBR,A,1999,509,
NZL,ROADACCID,DEATH,NBR,A,2000,462,
NZL,ROADACCID,DEATH,NBR,A,2001,455,
NZL,ROADACCID,DEATH,NBR,A,2002,405,
NZL,ROADACCID,DEATH,NBR,A,2003,461,
NZL,ROADACCID,DEATH,NBR,A,2004,435,
NZL,ROADACCID,DEATH,NBR,A,2005,405,
NZL,ROADACCID,DEATH,NBR,A,2006,393,
NZL,ROADACCID,DEATH,NBR,A,2007,421,
NZL,ROADACCID,DEATH,NBR,A,2008,366,
NZL,ROADACCID,DEATH,NBR,A,2009,384,
NZL,ROADACCID,DEATH,NBR,A,2010,375,
NZL,ROADACCID,DEATH,NBR,A,2011,284,
NZL,ROADACCID,DEATH,NBR,A,2012,308,
NZL,ROADACCID,DEATH,NBR,A,2013,253,
NZL,ROADACCID,DEATH,NBR,A,2014,292,
NZL,ROADACCID,DEATH,NBR,A,2015,317,
NZL,ROADACCID,DEATH,NBR,A,2016,327,
NZL,ROADACCID,DEATH,NBR,A,2017,378,
NZL,ROADACCID,DEATH,NBR,A,2018,378,
NZL,ROADACCID,DEATH,NBR,A,2019,352,
SVK,ROADACCID,DEATH,NBR,A,1994,680,
SVK,ROADACCID,DEATH,NBR,A,1995,698,
SVK,ROADACCID,DEATH,NBR,A,1996,638,
SVK,ROADACCID,DEATH,NBR,A,1997,828,
SVK,ROADACCID,DEATH,NBR,A,1998,861,
SVK,ROADACCID,DEATH,NBR,A,1999,672,
SVK,ROADACCID,DEATH,NBR,A,2000,648,
SVK,ROADACCID,DEATH,NBR,A,2001,625,
SVK,ROADACCID,DEATH,NBR,A,2002,626,
SVK,ROADACCID,DEATH,NBR,A,2003,653,
SVK,ROADACCID,DEATH,NBR,A,2004,608,
SVK,ROADACCID,DEATH,NBR,A,2005,600,
SVK,ROADACCID,DEATH,NBR,A,2006,608,
SVK,ROADACCID,DEATH,NBR,A,2007,661,
SVK,ROADACCID,DEATH,NBR,A,2008,606,
SVK,ROADACCID,DEATH,NBR,A,2009,384,
SVK,ROADACCID,DEATH,NBR,A,2010,353,
SVK,ROADACCID,DEATH,NBR,A,2011,325,
SVK,ROADACCID,DEATH,NBR,A,2012,352,
SVK,ROADACCID,DEATH,NBR,A,2013,251,
SVK,ROADACCID,DEATH,NBR,A,2014,295,
SVK,ROADACCID,DEATH,NBR,A,2015,310,
SVK,ROADACCID,DEATH,NBR,A,2016,275,
SVK,ROADACCID,DEATH,NBR,A,2017,276,
SVK,ROADACCID,DEATH,NBR,A,2018,260,
SVK,ROADACCID,DEATH,NBR,A,2019,270,
ISL,ROADACCID,DEATH,NBR,A,1994,12,
ISL,ROADACCID,DEATH,NBR,A,1995,24,
ISL,ROADACCID,DEATH,NBR,A,1996,10,
ISL,ROADACCID,DEATH,NBR,A,1997,15,
ISL,ROADACCID,DEATH,NBR,A,1998,27,
ISL,ROADACCID,DEATH,NBR,A,1999,21,
ISL,ROADACCID,DEATH,NBR,A,2000,32,
ISL,ROADACCID,DEATH,NBR,A,2001,24,
ISL,ROADACCID,DEATH,NBR,A,2002,29,
ISL,ROADACCID,DEATH,NBR,A,2003,23,
ISL,ROADACCID,DEATH,NBR,A,2004,23,
ISL,ROADACCID,DEATH,NBR,A,2005,19,
ISL,ROADACCID,DEATH,NBR,A,2006,31,
ISL,ROADACCID,DEATH,NBR,A,2007,15,
ISL,ROADACCID,DEATH,NBR,A,2008,12,
ISL,ROADACCID,DEATH,NBR,A,2009,17,
ISL,ROADACCID,DEATH,NBR,A,2010,8,
ISL,ROADACCID,DEATH,NBR,A,2011,12,
ISL,ROADACCID,DEATH,NBR,A,2012,9,
ISL,ROADACCID,DEATH,NBR,A,2013,15,
ISL,ROADACCID,DEATH,NBR,A,2014,4,
ISL,ROADACCID,DEATH,NBR,A,2015,16,
ISL,ROADACCID,DEATH,NBR,A,2016,18,
ISL,ROADACCID,DEATH,NBR,A,2017,16,
ISL,ROADACCID,DEATH,NBR,A,2018,18,
ISL,ROADACCID,DEATH,NBR,A,2019,6,
USA,ROADACCID,DEATH,NBR,A,1994,40716,
USA,ROADACCID,DEATH,NBR,A,1995,41817,
USA,ROADACCID,DEATH,NBR,A,1996,42065,
USA,ROADACCID,DEATH,NBR,A,1997,42013,
USA,ROADACCID,DEATH,NBR,A,1998,41501,
USA,ROADACCID,DEATH,NBR,A,1999,41717,
USA,ROADACCID,DEATH,NBR,A,2000,41945,
USA,ROADACCID,DEATH,NBR,A,2001,42196,
USA,ROADACCID,DEATH,NBR,A,2002,43005,
USA,ROADACCID,DEATH,NBR,A,2003,42884,
USA,ROADACCID,DEATH,NBR,A,2004,42836,
USA,ROADACCID,DEATH,NBR,A,2005,43510,
USA,ROADACCID,DEATH,NBR,A,2006,42708,
USA,ROADACCID,DEATH,NBR,A,2007,41259,
USA,ROADACCID,DEATH,NBR,A,2008,37423,
USA,ROADACCID,DEATH,NBR,A,2009,33883,
USA,ROADACCID,DEATH,NBR,A,2010,32999,
USA,ROADACCID,DEATH,NBR,A,2011,32479,
USA,ROADACCID,DEATH,NBR,A,2012,33561,
USA,ROADACCID,DEATH,NBR,A,2013,32719,
USA,ROADACCID,DEATH,NBR,A,2014,32675,
USA,ROADACCID,DEATH,NBR,A,2015,35485,
USA,ROADACCID,DEATH,NBR,A,2016,37461,
USA,ROADACCID,DEATH,NBR,A,2017,37133,
USA,ROADACCID,DEATH,NBR,A,2018,36750,E
MKD,ROADACCID,DEATH,NBR,A,1994,147,
MKD,ROADACCID,DEATH,NBR,A,1995,157,
MKD,ROADACCID,DEATH,NBR,A,1996,154,
MKD,ROADACCID,DEATH,NBR,A,1997,178,
MKD,ROADACCID,DEATH,NBR,A,1998,187,
MKD,ROADACCID,DEATH,NBR,A,1999,216,
MKD,ROADACCID,DEATH,NBR,A,2000,162,
MKD,ROADACCID,DEATH,NBR,A,2001,107,
MKD,ROADACCID,DEATH,NBR,A,2002,176,
MKD,ROADACCID,DEATH,NBR,A,2003,118,
MKD,ROADACCID,DEATH,NBR,A,2004,155,
MKD,ROADACCID,DEATH,NBR,A,2005,143,
MKD,ROADACCID,DEATH,NBR,A,2006,140,
MKD,ROADACCID,DEATH,NBR,A,2007,173,
MKD,ROADACCID,DEATH,NBR,A,2008,162,
MKD,ROADACCID,DEATH,NBR,A,2009,160,
MKD,ROADACCID,DEATH,NBR,A,2010,162,
MKD,ROADACCID,DEATH,NBR,A,2011,172,
MKD,ROADACCID,DEATH,NBR,A,2012,132,
MKD,ROADACCID,DEATH,NBR,A,2013,198,
MKD,ROADACCID,DEATH,NBR,A,2014,130,
MKD,ROADACCID,DEATH,NBR,A,2015,148,
MKD,ROADACCID,DEATH,NBR,A,2016,165,
MKD,ROADACCID,DEATH,NBR,A,2017,155,
MKD,ROADACCID,DEATH,NBR,A,2018,133,
MKD,ROADACCID,DEATH,NBR,A,2019,132,
PRT,ROADACCID,DEATH,NBR,A,1994,2196,
PRT,ROADACCID,DEATH,NBR,A,1995,2397,
PRT,ROADACCID,DEATH,NBR,A,1996,2394,
PRT,ROADACCID,DEATH,NBR,A,1997,2210,
PRT,ROADACCID,DEATH,NBR,A,1998,2126,
PRT,ROADACCID,DEATH,NBR,A,1999,1995,
PRT,ROADACCID,DEATH,NBR,A,2000,1857,
PRT,ROADACCID,DEATH,NBR,A,2001,1671,
PRT,ROADACCID,DEATH,NBR,A,2002,1675,
PRT,ROADACCID,DEATH,NBR,A,2003,1546,
PRT,ROADACCID,DEATH,NBR,A,2004,1294,
PRT,ROADACCID,DEATH,NBR,A,2005,1247,
PRT,ROADACCID,DEATH,NBR,A,2006,969,
PRT,ROADACCID,DEATH,NBR,A,2007,974,
PRT,ROADACCID,DEATH,NBR,A,2008,885,
PRT,ROADACCID,DEATH,NBR,A,2009,737,
PRT,ROADACCID,DEATH,NBR,A,2010,937,
PRT,ROADACCID,DEATH,NBR,A,2011,891,
PRT,ROADACCID,DEATH,NBR,A,2012,718,
PRT,ROADACCID,DEATH,NBR,A,2013,637,
PRT,ROADACCID,DEATH,NBR,A,2014,638,
PRT,ROADACCID,DEATH,NBR,A,2015,593,
PRT,ROADACCID,DEATH,NBR,A,2016,563,
PRT,ROADACCID,DEATH,NBR,A,2017,602,
PRT,ROADACCID,DEATH,NBR,A,2018,675,
PRT,ROADACCID,DEATH,NBR,A,2019,621,P
CAN,ROADACCID,DEATH,NBR,A,1994,3230,
CAN,ROADACCID,DEATH,NBR,A,1995,3313,
CAN,ROADACCID,DEATH,NBR,A,1996,3129,
CAN,ROADACCID,DEATH,NBR,A,1997,3076,
CAN,ROADACCID,DEATH,NBR,A,1998,2919,
CAN,ROADACCID,DEATH,NBR,A,1999,2980,
CAN,ROADACCID,DEATH,NBR,A,2000,2904,
CAN,ROADACCID,DEATH,NBR,A,2001,2758,
CAN,ROADACCID,DEATH,NBR,A,2002,2921,
CAN,ROADACCID,DEATH,NBR,A,2003,2777,
CAN,ROADACCID,DEATH,NBR,A,2004,2735,
CAN,ROADACCID,DEATH,NBR,A,2005,2898,
CAN,ROADACCID,DEATH,NBR,A,2006,2871,
CAN,ROADACCID,DEATH,NBR,A,2007,2753,
CAN,ROADACCID,DEATH,NBR,A,2008,2431,
CAN,ROADACCID,DEATH,NBR,A,2009,2216,
CAN,ROADACCID,DEATH,NBR,A,2010,2238,
CAN,ROADACCID,DEATH,NBR,A,2011,2023,
CAN,ROADACCID,DEATH,NBR,A,2012,2075,
CAN,ROADACCID,DEATH,NBR,A,2013,1951,
CAN,ROADACCID,DEATH,NBR,A,2014,1841,
CAN,ROADACCID,DEATH,NBR,A,2015,1889,
CAN,ROADACCID,DEATH,NBR,A,2016,1899,
CAN,ROADACCID,DEATH,NBR,A,2017,1856,
CAN,ROADACCID,DEATH,NBR,A,2018,1922,P
KOR,ROADACCID,DEATH,NBR,A,1994,10087,
KOR,ROADACCID,DEATH,NBR,A,1995,10323,
KOR,ROADACCID,DEATH,NBR,A,1996,12653,
KOR,ROADACCID,DEATH,NBR,A,1997,11603,
KOR,ROADACCID,DEATH,NBR,A,1998,9057,
KOR,ROADACCID,DEATH,NBR,A,1999,9353,
KOR,ROADACCID,DEATH,NBR,A,2000,10236,
KOR,ROADACCID,DEATH,NBR,A,2001,8097,
KOR,ROADACCID,DEATH,NBR,A,2002,7222,
KOR,ROADACCID,DEATH,NBR,A,2003,7212,
KOR,ROADACCID,DEATH,NBR,A,2004,6563,
KOR,ROADACCID,DEATH,NBR,A,2005,6376,
KOR,ROADACCID,DEATH,NBR,A,2006,6327,
KOR,ROADACCID,DEATH,NBR,A,2007,6166,
KOR,ROADACCID,DEATH,NBR,A,2008,5870,
KOR,ROADACCID,DEATH,NBR,A,2009,5838,
KOR,ROADACCID,DEATH,NBR,A,2010,5505,
KOR,ROADACCID,DEATH,NBR,A,2011,5229,
KOR,ROADACCID,DEATH,NBR,A,2012,5392,
KOR,ROADACCID,DEATH,NBR,A,2013,5092,
KOR,ROADACCID,DEATH,NBR,A,2014,4762,
KOR,ROADACCID,DEATH,NBR,A,2015,4621,
KOR,ROADACCID,DEATH,NBR,A,2016,4292,
KOR,ROADACCID,DEATH,NBR,A,2017,4185,
KOR,ROADACCID,DEATH,NBR,A,2018,3781,
KOR,ROADACCID,DEATH,NBR,A,2019,3349,
JPN,ROADACCID,DEATH,NBR,A,1994,12772,
JPN,ROADACCID,DEATH,NBR,A,1995,12675,
JPN,ROADACCID,DEATH,NBR,A,1996,11675,
JPN,ROADACCID,DEATH,NBR,A,1997,11256,
JPN,ROADACCID,DEATH,NBR,A,1998,10808,
JPN,ROADACCID,DEATH,NBR,A,1999,10378,
JPN,ROADACCID,DEATH,NBR,A,2000,10410,
JPN,ROADACCID,DEATH,NBR,A,2001,10071,
JPN,ROADACCID,DEATH,NBR,A,2002,9645,
JPN,ROADACCID,DEATH,NBR,A,2003,8944,
JPN,ROADACCID,DEATH,NBR,A,2004,8572,
JPN,ROADACCID,DEATH,NBR,A,2005,7997,
JPN,ROADACCID,DEATH,NBR,A,2006,7336,
JPN,ROADACCID,DEATH,NBR,A,2007,6695,
JPN,ROADACCID,DEATH,NBR,A,2008,6079,
JPN,ROADACCID,DEATH,NBR,A,2009,5840,
JPN,ROADACCID,DEATH,NBR,A,2010,5828,
JPN,ROADACCID,DEATH,NBR,A,2011,5535,
JPN,ROADACCID,DEATH,NBR,A,2012,5261,
JPN,ROADACCID,DEATH,NBR,A,2013,5165,
JPN,ROADACCID,DEATH,NBR,A,2014,4837,
JPN,ROADACCID,DEATH,NBR,A,2015,4885,
JPN,ROADACCID,DEATH,NBR,A,2016,4698,
JPN,ROADACCID,DEATH,NBR,A,2017,4431,
JPN,ROADACCID,DEATH,NBR,A,2018,4166,
JPN,ROADACCID,DEATH,NBR,A,2019,3920,
GRC,ROADACCID,DEATH,NBR,A,1994,1909,
GRC,ROADACCID,DEATH,NBR,A,1995,2043,
GRC,ROADACCID,DEATH,NBR,A,1996,2157,
GRC,ROADACCID,DEATH,NBR,A,1997,2105,
GRC,ROADACCID,DEATH,NBR,A,1998,2182,
GRC,ROADACCID,DEATH,NBR,A,1999,2116,
GRC,ROADACCID,DEATH,NBR,A,2000,2037,
GRC,ROADACCID,DEATH,NBR,A,2001,1880,
GRC,ROADACCID,DEATH,NBR,A,2002,1634,
GRC,ROADACCID,DEATH,NBR,A,2003,1605,
GRC,ROADACCID,DEATH,NBR,A,2004,1670,
GRC,ROADACCID,DEATH,NBR,A,2005,1658,
GRC,ROADACCID,DEATH,NBR,A,2006,1657,
GRC,ROADACCID,DEATH,NBR,A,2007,1612,
GRC,ROADACCID,DEATH,NBR,A,2008,1553,
GRC,ROADACCID,DEATH,NBR,A,2009,1456,
GRC,ROADACCID,DEATH,NBR,A,2010,1258,
GRC,ROADACCID,DEATH,NBR,A,2011,1141,
GRC,ROADACCID,DEATH,NBR,A,2012,988,
GRC,ROADACCID,DEATH,NBR,A,2013,879,
GRC,ROADACCID,DEATH,NBR,A,2014,795,
GRC,ROADACCID,DEATH,NBR,A,2015,793,
GRC,ROADACCID,DEATH,NBR,A,2016,824,
GRC,ROADACCID,DEATH,NBR,A,2017,731,
GRC,ROADACCID,DEATH,NBR,A,2018,700,
GRC,ROADACCID,DEATH,NBR,A,2019,696,P
LTU,ROADACCID,DEATH,NBR,A,1994,765,
LTU,ROADACCID,DEATH,NBR,A,1995,671,
LTU,ROADACCID,DEATH,NBR,A,1996,667,
LTU,ROADACCID,DEATH,NBR,A,1997,726,
LTU,ROADACCID,DEATH,NBR,A,1998,829,
LTU,ROADACCID,DEATH,NBR,A,1999,748,
LTU,ROADACCID,DEATH,NBR,A,2000,641,
LTU,ROADACCID,DEATH,NBR,A,2001,706,
LTU,ROADACCID,DEATH,NBR,A,2002,697,
LTU,ROADACCID,DEATH,NBR,A,2003,709,
LTU,ROADACCID,DEATH,NBR,A,2004,752,
LTU,ROADACCID,DEATH,NBR,A,2005,773,
LTU,ROADACCID,DEATH,NBR,A,2006,760,
LTU,ROADACCID,DEATH,NBR,A,2007,740,
LTU,ROADACCID,DEATH,NBR,A,2008,499,
LTU,ROADACCID,DEATH,NBR,A,2009,370,
LTU,ROADACCID,DEATH,NBR,A,2010,299,
LTU,ROADACCID,DEATH,NBR,A,2011,296,
LTU,ROADACCID,DEATH,NBR,A,2012,302,
LTU,ROADACCID,DEATH,NBR,A,2013,256,
LTU,ROADACCID,DEATH,NBR,A,2014,267,
LTU,ROADACCID,DEATH,NBR,A,2015,242,
LTU,ROADACCID,DEATH,NBR,A,2016,192,
LTU,ROADACCID,DEATH,NBR,A,2017,191,
LTU,ROADACCID,DEATH,NBR,A,2018,173,
LTU,ROADACCID,DEATH,NBR,A,2019,184,
NLD,ROADACCID,DEATH,NBR,A,1994,1298,
NLD,ROADACCID,DEATH,NBR,A,1995,1334,
NLD,ROADACCID,DEATH,NBR,A,1996,1251,B
NLD,ROADACCID,DEATH,NBR,A,1997,1235,
NLD,ROADACCID,DEATH,NBR,A,1998,1149,
NLD,ROADACCID,DEATH,NBR,A,1999,1186,
NLD,ROADACCID,DEATH,NBR,A,2000,1166,
NLD,ROADACCID,DEATH,NBR,A,2001,1083,
NLD,ROADACCID,DEATH,NBR,A,2002,1066,
NLD,ROADACCID,DEATH,NBR,A,2003,1088,
NLD,ROADACCID,DEATH,NBR,A,2004,881,
NLD,ROADACCID,DEATH,NBR,A,2005,817,
NLD,ROADACCID,DEATH,NBR,A,2006,811,
NLD,ROADACCID,DEATH,NBR,A,2007,791,
NLD,ROADACCID,DEATH,NBR,A,2008,750,
NLD,ROADACCID,DEATH,NBR,A,2009,720,
NLD,ROADACCID,DEATH,NBR,A,2010,640,
NLD,ROADACCID,DEATH,NBR,A,2011,661,
NLD,ROADACCID,DEATH,NBR,A,2012,650,
NLD,ROADACCID,DEATH,NBR,A,2013,570,
NLD,ROADACCID,DEATH,NBR,A,2014,570,
NLD,ROADACCID,DEATH,NBR,A,2015,621,
NLD,ROADACCID,DEATH,NBR,A,2016,629,
NLD,ROADACCID,DEATH,NBR,A,2017,613,
NLD,ROADACCID,DEATH,NBR,A,2018,678,
NLD,ROADACCID,DEATH,NBR,A,2019,661,
ESP,ROADACCID,DEATH,NBR,A,1994,5615,
ESP,ROADACCID,DEATH,NBR,A,1995,5751,
ESP,ROADACCID,DEATH,NBR,A,1996,5483,
ESP,ROADACCID,DEATH,NBR,A,1997,5604,
ESP,ROADACCID,DEATH,NBR,A,1998,5957,
ESP,ROADACCID,DEATH,NBR,A,1999,5738,
ESP,ROADACCID,DEATH,NBR,A,2000,5776,
ESP,ROADACCID,DEATH,NBR,A,2001,5517,
ESP,ROADACCID,DEATH,NBR,A,2002,5347,
ESP,ROADACCID,DEATH,NBR,A,2003,5399,
ESP,ROADACCID,DEATH,NBR,A,2004,4741,
ESP,ROADACCID,DEATH,NBR,A,2005,4442,
ESP,ROADACCID,DEATH,NBR,A,2006,4104,
ESP,ROADACCID,DEATH,NBR,A,2007,3823,
ESP,ROADACCID,DEATH,NBR,A,2008,3100,
ESP,ROADACCID,DEATH,NBR,A,2009,2714,
ESP,ROADACCID,DEATH,NBR,A,2010,2478,
ESP,ROADACCID,DEATH,NBR,A,2011,2060,
ESP,ROADACCID,DEATH,NBR,A,2012,1903,
ESP,ROADACCID,DEATH,NBR,A,2013,1680,
ESP,ROADACCID,DEATH,NBR,A,2014,1688,
ESP,ROADACCID,DEATH,NBR,A,2015,1689,
ESP,ROADACCID,DEATH,NBR,A,2016,1810,
ESP,ROADACCID,DEATH,NBR,A,2017,1830,
ESP,ROADACCID,DEATH,NBR,A,2018,1806,
GBR,ROADACCID,DEATH,NBR,A,1994,3807,
GBR,ROADACCID,DEATH,NBR,A,1995,3765,
GBR,ROADACCID,DEATH,NBR,A,1996,3740,
GBR,ROADACCID,DEATH,NBR,A,1997,3743,
GBR,ROADACCID,DEATH,NBR,A,1998,3581,
GBR,ROADACCID,DEATH,NBR,A,1999,3564,
GBR,ROADACCID,DEATH,NBR,A,2000,3580,
GBR,ROADACCID,DEATH,NBR,A,2001,3598,
GBR,ROADACCID,DEATH,NBR,A,2002,3581,
GBR,ROADACCID,DEATH,NBR,A,2003,3658,
GBR,ROADACCID,DEATH,NBR,A,2004,3368,
GBR,ROADACCID,DEATH,NBR,A,2005,3336,
GBR,ROADACCID,DEATH,NBR,A,2006,3298,
GBR,ROADACCID,DEATH,NBR,A,2007,3059,
GBR,ROADACCID,DEATH,NBR,A,2008,2645,
GBR,ROADACCID,DEATH,NBR,A,2009,2337,
GBR,ROADACCID,DEATH,NBR,A,2010,1905,
GBR,ROADACCID,DEATH,NBR,A,2011,1960,
GBR,ROADACCID,DEATH,NBR,A,2012,1802,
GBR,ROADACCID,DEATH,NBR,A,2013,1770,
GBR,ROADACCID,DEATH,NBR,A,2014,1854,
GBR,ROADACCID,DEATH,NBR,A,2015,1804,
GBR,ROADACCID,DEATH,NBR,A,2016,1860,
GBR,ROADACCID,DEATH,NBR,A,2017,1856,
GBR,ROADACCID,DEATH,NBR,A,2018,1837,P
ALB,ROADACCID,DEATH,NBR,A,1994,421,
ALB,ROADACCID,DEATH,NBR,A,1995,306,
ALB,ROADACCID,DEATH,NBR,A,1996,256,
ALB,ROADACCID,DEATH,NBR,A,1997,266,
ALB,ROADACCID,DEATH,NBR,A,1998,308,
ALB,ROADACCID,DEATH,NBR,A,1999,274,
ALB,ROADACCID,DEATH,NBR,A,2000,280,
ALB,ROADACCID,DEATH,NBR,A,2001,297,
ALB,ROADACCID,DEATH,NBR,A,2002,250,
ALB,ROADACCID,DEATH,NBR,A,2003,260,
ALB,ROADACCID,DEATH,NBR,A,2004,315,
ALB,ROADACCID,DEATH,NBR,A,2005,308,
ALB,ROADACCID,DEATH,NBR,A,2006,277,
ALB,ROADACCID,DEATH,NBR,A,2007,384,
ALB,ROADACCID,DEATH,NBR,A,2008,303,
ALB,ROADACCID,DEATH,NBR,A,2009,378,
ALB,ROADACCID,DEATH,NBR,A,2010,353,
ALB,ROADACCID,DEATH,NBR,A,2011,322,
ALB,ROADACCID,DEATH,NBR,A,2012,334,
ALB,ROADACCID,DEATH,NBR,A,2013,295,
ALB,ROADACCID,DEATH,NBR,A,2014,264,
ALB,ROADACCID,DEATH,NBR,A,2015,270,
ALB,ROADACCID,DEATH,NBR,A,2016,269,
ALB,ROADACCID,DEATH,NBR,A,2017,222,
ALB,ROADACCID,DEATH,NBR,A,2018,213,
ALB,ROADACCID,DEATH,NBR,A,2019,227,
ROU,ROADACCID,DEATH,NBR,A,1994,2877,
ROU,ROADACCID,DEATH,NBR,A,1995,2845,
ROU,ROADACCID,DEATH,NBR,A,1996,2845,
ROU,ROADACCID,DEATH,NBR,A,1997,2863,
ROU,ROADACCID,DEATH,NBR,A,1998,2778,
ROU,ROADACCID,DEATH,NBR,A,1999,2505,
ROU,ROADACCID,DEATH,NBR,A,2000,2499,
ROU,ROADACCID,DEATH,NBR,A,2001,2461,
ROU,ROADACCID,DEATH,NBR,A,2002,2398,
ROU,ROADACCID,DEATH,NBR,A,2003,2235,
ROU,ROADACCID,DEATH,NBR,A,2004,2418,
ROU,ROADACCID,DEATH,NBR,A,2005,2641,
ROU,ROADACCID,DEATH,NBR,A,2006,2587,
ROU,ROADACCID,DEATH,NBR,A,2007,2800,
ROU,ROADACCID,DEATH,NBR,A,2008,3065,
ROU,ROADACCID,DEATH,NBR,A,2009,2797,
ROU,ROADACCID,DEATH,NBR,A,2010,2377,
ROU,ROADACCID,DEATH,NBR,A,2011,2018,
ROU,ROADACCID,DEATH,NBR,A,2012,2042,
ROU,ROADACCID,DEATH,NBR,A,2013,1861,
ROU,ROADACCID,DEATH,NBR,A,2014,1818,
ROU,ROADACCID,DEATH,NBR,A,2015,1893,
ROU,ROADACCID,DEATH,NBR,A,2016,1913,
ROU,ROADACCID,DEATH,NBR,A,2017,1951,
ROU,ROADACCID,DEATH,NBR,A,2018,1867,
ROU,ROADACCID,DEATH,NBR,A,2019,1864,
MLT,ROADACCID,DEATH,NBR,A,1999,12,
MLT,ROADACCID,DEATH,NBR,A,2000,15,
MLT,ROADACCID,DEATH,NBR,A,2001,16,
MLT,ROADACCID,DEATH,NBR,A,2002,16,
MLT,ROADACCID,DEATH,NBR,A,2003,17,
MLT,ROADACCID,DEATH,NBR,A,2004,13,
MLT,ROADACCID,DEATH,NBR,A,2005,16,
MLT,ROADACCID,DEATH,NBR,A,2006,10,
MLT,ROADACCID,DEATH,NBR,A,2007,14,
MLT,ROADACCID,DEATH,NBR,A,2008,15,
MLT,ROADACCID,DEATH,NBR,A,2009,21,
MLT,ROADACCID,DEATH,NBR,A,2010,15,
MLT,ROADACCID,DEATH,NBR,A,2011,17,
MLT,ROADACCID,DEATH,NBR,A,2012,9,
MLT,ROADACCID,DEATH,NBR,A,2013,18,
MLT,ROADACCID,DEATH,NBR,A,2014,10,
MLT,ROADACCID,DEATH,NBR,A,2015,11,
MLT,ROADACCID,DEATH,NBR,A,2016,23,
MLT,ROADACCID,DEATH,NBR,A,2017,19,
BEL,ROADACCID,DEATH,NBR,A,1994,1692,
BEL,ROADACCID,DEATH,NBR,A,1995,1505,
BEL,ROADACCID,DEATH,NBR,A,1996,1356,
BEL,ROADACCID,DEATH,NBR,A,1997,1364,
BEL,ROADACCID,DEATH,NBR,A,1998,1500,
BEL,ROADACCID,DEATH,NBR,A,1999,1397,
BEL,ROADACCID,DEATH,NBR,A,2000,1470,
BEL,ROADACCID,DEATH,NBR,A,2001,1486,
BEL,ROADACCID,DEATH,NBR,A,2002,1353,
BEL,ROADACCID,DEATH,NBR,A,2003,1216,
BEL,ROADACCID,DEATH,NBR,A,2004,1163,
BEL,ROADACCID,DEATH,NBR,A,2005,1131,
BEL,ROADACCID,DEATH,NBR,A,2006,1106,
BEL,ROADACCID,DEATH,NBR,A,2007,1094,
BEL,ROADACCID,DEATH,NBR,A,2008,980,
BEL,ROADACCID,DEATH,NBR,A,2009,956,
BEL,ROADACCID,DEATH,NBR,A,2010,850,
BEL,ROADACCID,DEATH,NBR,A,2011,884,
BEL,ROADACCID,DEATH,NBR,A,2012,827,
BEL,ROADACCID,DEATH,NBR,A,2013,764,
BEL,ROADACCID,DEATH,NBR,A,2014,745,
BEL,ROADACCID,DEATH,NBR,A,2015,762,
BEL,ROADACCID,DEATH,NBR,A,2016,670,
BEL,ROADACCID,DEATH,NBR,A,2017,609,
BEL,ROADACCID,DEATH,NBR,A,2018,604,
BEL,ROADACCID,DEATH,NBR,A,2019,646,
CHN,ROADACCID,DEATH,NBR,A,2004,107077,
CHN,ROADACCID,DEATH,NBR,A,2005,98738,
CHN,ROADACCID,DEATH,NBR,A,2006,89455,
CHN,ROADACCID,DEATH,NBR,A,2007,81649,
CHN,ROADACCID,DEATH,NBR,A,2008,73484,
CHN,ROADACCID,DEATH,NBR,A,2009,67759,
CHN,ROADACCID,DEATH,NBR,A,2010,65225,
CHN,ROADACCID,DEATH,NBR,A,2011,62387,
CHN,ROADACCID,DEATH,NBR,A,2012,59997,
CHN,ROADACCID,DEATH,NBR,A,2013,58539,
CHN,ROADACCID,DEATH,NBR,A,2014,58523,
CHN,ROADACCID,DEATH,NBR,A,2015,58022,
CHN,ROADACCID,DEATH,NBR,A,2016,63093,
CHN,ROADACCID,DEATH,NBR,A,2017,63772,
CHN,ROADACCID,DEATH,NBR,A,2018,63194,
UKR,ROADACCID,DEATH,NBR,A,1994,7560,
UKR,ROADACCID,DEATH,NBR,A,1995,7530,
UKR,ROADACCID,DEATH,NBR,A,1996,6631,
UKR,ROADACCID,DEATH,NBR,A,1997,5988,
UKR,ROADACCID,DEATH,NBR,A,1998,5522,
UKR,ROADACCID,DEATH,NBR,A,1999,5269,
UKR,ROADACCID,DEATH,NBR,A,2000,5185,
UKR,ROADACCID,DEATH,NBR,A,2001,5984,
UKR,ROADACCID,DEATH,NBR,A,2002,5982,
UKR,ROADACCID,DEATH,NBR,A,2003,7149,
UKR,ROADACCID,DEATH,NBR,A,2004,6966,
UKR,ROADACCID,DEATH,NBR,A,2005,7229,
UKR,ROADACCID,DEATH,NBR,A,2006,7592,
UKR,ROADACCID,DEATH,NBR,A,2007,9574,
UKR,ROADACCID,DEATH,NBR,A,2008,7718,
UKR,ROADACCID,DEATH,NBR,A,2009,5348,
UKR,ROADACCID,DEATH,NBR,A,2010,4875,
UKR,ROADACCID,DEATH,NBR,A,2011,4908,
UKR,ROADACCID,DEATH,NBR,A,2012,5131,
UKR,ROADACCID,DEATH,NBR,A,2013,4833,
UKR,ROADACCID,DEATH,NBR,A,2014,4439,B
UKR,ROADACCID,DEATH,NBR,A,2015,4003,
UKR,ROADACCID,DEATH,NBR,A,2016,3410,
UKR,ROADACCID,DEATH,NBR,A,2017,3432,
LIE,ROADACCID,DEATH,NBR,A,1994,3,
LIE,ROADACCID,DEATH,NBR,A,1995,2,
LIE,ROADACCID,DEATH,NBR,A,1996,3,
LIE,ROADACCID,DEATH,NBR,A,1997,6,
LIE,ROADACCID,DEATH,NBR,A,1998,0,
LIE,ROADACCID,DEATH,NBR,A,1999,0,
LIE,ROADACCID,DEATH,NBR,A,2000,3,
LIE,ROADACCID,DEATH,NBR,A,2001,2,
LIE,ROADACCID,DEATH,NBR,A,2002,0,
LIE,ROADACCID,DEATH,NBR,A,2003,5,
LIE,ROADACCID,DEATH,NBR,A,2004,1,
LIE,ROADACCID,DEATH,NBR,A,2005,2,
LIE,ROADACCID,DEATH,NBR,A,2006,0,
LIE,ROADACCID,DEATH,NBR,A,2007,0,
LIE,ROADACCID,DEATH,NBR,A,2008,1,
LIE,ROADACCID,DEATH,NBR,A,2009,1,
LIE,ROADACCID,DEATH,NBR,A,2010,0,
LIE,ROADACCID,DEATH,NBR,A,2011,2,
LIE,ROADACCID,DEATH,NBR,A,2012,1,
LIE,ROADACCID,DEATH,NBR,A,2013,2,
LIE,ROADACCID,DEATH,NBR,A,2014,3,
LIE,ROADACCID,DEATH,NBR,A,2015,2,
LIE,ROADACCID,DEATH,NBR,A,2016,0,
LIE,ROADACCID,DEATH,NBR,A,2017,2,
LIE,ROADACCID,DEATH,NBR,A,2018,0,
CHE,ROADACCID,DEATH,NBR,A,1994,679,
CHE,ROADACCID,DEATH,NBR,A,1995,692,
CHE,ROADACCID,DEATH,NBR,A,1996,616,
CHE,ROADACCID,DEATH,NBR,A,1997,587,
CHE,ROADACCID,DEATH,NBR,A,1998,597,
CHE,ROADACCID,DEATH,NBR,A,1999,583,
CHE,ROADACCID,DEATH,NBR,A,2000,592,
CHE,ROADACCID,DEATH,NBR,A,2001,544,
CHE,ROADACCID,DEATH,NBR,A,2002,513,
CHE,ROADACCID,DEATH,NBR,A,2003,546,
CHE,ROADACCID,DEATH,NBR,A,2004,510,
CHE,ROADACCID,DEATH,NBR,A,2005,409,
CHE,ROADACCID,DEATH,NBR,A,2006,370,
CHE,ROADACCID,DEATH,NBR,A,2007,384,
CHE,ROADACCID,DEATH,NBR,A,2008,357,
CHE,ROADACCID,DEATH,NBR,A,2009,349,
CHE,ROADACCID,DEATH,NBR,A,2010,327,
CHE,ROADACCID,DEATH,NBR,A,2011,320,
CHE,ROADACCID,DEATH,NBR,A,2012,339,
CHE,ROADACCID,DEATH,NBR,A,2013,269,
CHE,ROADACCID,DEATH,NBR,A,2014,243,
CHE,ROADACCID,DEATH,NBR,A,2015,253,
CHE,ROADACCID,DEATH,NBR,A,2016,216,
CHE,ROADACCID,DEATH,NBR,A,2017,230,
CHE,ROADACCID,DEATH,NBR,A,2018,233,
CHE,ROADACCID,DEATH,NBR,A,2019,187,
LUX,ROADACCID,DEATH,NBR,A,1994,66,
LUX,ROADACCID,DEATH,NBR,A,1995,70,
LUX,ROADACCID,DEATH,NBR,A,1996,71,
LUX,ROADACCID,DEATH,NBR,A,1997,60,
LUX,ROADACCID,DEATH,NBR,A,1998,57,
LUX,ROADACCID,DEATH,NBR,A,1999,58,
LUX,ROADACCID,DEATH,NBR,A,2000,76,
LUX,ROADACCID,DEATH,NBR,A,2001,70,
LUX,ROADACCID,DEATH,NBR,A,2002,62,
LUX,ROADACCID,DEATH,NBR,A,2003,53,
LUX,ROADACCID,DEATH,NBR,A,2004,50,
LUX,ROADACCID,DEATH,NBR,A,2005,47,
LUX,ROADACCID,DEATH,NBR,A,2006,43,
LUX,ROADACCID,DEATH,NBR,A,2007,45,
LUX,ROADACCID,DEATH,NBR,A,2008,35,
LUX,ROADACCID,DEATH,NBR,A,2009,48,
LUX,ROADACCID,DEATH,NBR,A,2010,32,
LUX,ROADACCID,DEATH,NBR,A,2011,33,
LUX,ROADACCID,DEATH,NBR,A,2012,34,
LUX,ROADACCID,DEATH,NBR,A,2013,45,
LUX,ROADACCID,DEATH,NBR,A,2014,35,
LUX,ROADACCID,DEATH,NBR,A,2015,36,
LUX,ROADACCID,DEATH,NBR,A,2016,32,
LUX,ROADACCID,DEATH,NBR,A,2017,35,
LUX,ROADACCID,DEATH,NBR,A,2018,36,
FIN,ROADACCID,DEATH,NBR,A,1994,480,
FIN,ROADACCID,DEATH,NBR,A,1995,441,
FIN,ROADACCID,DEATH,NBR,A,1996,404,
FIN,ROADACCID,DEATH,NBR,A,1997,438,
FIN,ROADACCID,DEATH,NBR,A,1998,400,
FIN,ROADACCID,DEATH,NBR,A,1999,431,
FIN,ROADACCID,DEATH,NBR,A,2000,396,
FIN,ROADACCID,DEATH,NBR,A,2001,433,
FIN,ROADACCID,DEATH,NBR,A,2002,415,
FIN,ROADACCID,DEATH,NBR,A,2003,379,B
FIN,ROADACCID,DEATH,NBR,A,2004,375,
FIN,ROADACCID,DEATH,NBR,A,2005,379,
FIN,ROADACCID,DEATH,NBR,A,2006,336,
FIN,ROADACCID,DEATH,NBR,A,2007,380,
FIN,ROADACCID,DEATH,NBR,A,2008,344,
FIN,ROADACCID,DEATH,NBR,A,2009,279,
FIN,ROADACCID,DEATH,NBR,A,2010,272,
FIN,ROADACCID,DEATH,NBR,A,2011,292,
FIN,ROADACCID,DEATH,NBR,A,2012,255,
FIN,ROADACCID,DEATH,NBR,A,2013,258,
FIN,ROADACCID,DEATH,NBR,A,2014,229,
FIN,ROADACCID,DEATH,NBR,A,2015,270,
FIN,ROADACCID,DEATH,NBR,A,2016,258,
FIN,ROADACCID,DEATH,NBR,A,2017,238,
FIN,ROADACCID,DEATH,NBR,A,2018,239,
FIN,ROADACCID,DEATH,NBR,A,2019,211,P
MNE,ROADACCID,DEATH,NBR,A,2005,95,
MNE,ROADACCID,DEATH,NBR,A,2006,85,
MNE,ROADACCID,DEATH,NBR,A,2007,122,
MNE,ROADACCID,DEATH,NBR,A,2008,112,
MNE,ROADACCID,DEATH,NBR,A,2009,100,
MNE,ROADACCID,DEATH,NBR,A,2010,95,
MNE,ROADACCID,DEATH,NBR,A,2011,58,
MNE,ROADACCID,DEATH,NBR,A,2012,46,
MNE,ROADACCID,DEATH,NBR,A,2013,74,
MNE,ROADACCID,DEATH,NBR,A,2014,65,
MNE,ROADACCID,DEATH,NBR,A,2015,51,
MNE,ROADACCID,DEATH,NBR,A,2016,65,
MNE,ROADACCID,DEATH,NBR,A,2017,63,
ITA,ROADACCID,DEATH,NBR,A,1994,7104,
ITA,ROADACCID,DEATH,NBR,A,1995,7033,
ITA,ROADACCID,DEATH,NBR,A,1996,6688,
ITA,ROADACCID,DEATH,NBR,A,1997,6724,
ITA,ROADACCID,DEATH,NBR,A,1998,6849,
ITA,ROADACCID,DEATH,NBR,A,1999,6688,
ITA,ROADACCID,DEATH,NBR,A,2000,7061,
ITA,ROADACCID,DEATH,NBR,A,2001,7096,
ITA,ROADACCID,DEATH,NBR,A,2002,6980,
ITA,ROADACCID,DEATH,NBR,A,2003,6563,
ITA,ROADACCID,DEATH,NBR,A,2004,6122,
ITA,ROADACCID,DEATH,NBR,A,2005,5818,
ITA,ROADACCID,DEATH,NBR,A,2006,5669,
ITA,ROADACCID,DEATH,NBR,A,2007,5131,
ITA,ROADACCID,DEATH,NBR,A,2008,4725,
ITA,ROADACCID,DEATH,NBR,A,2009,4237,
ITA,ROADACCID,DEATH,NBR,A,2010,4114,
ITA,ROADACCID,DEATH,NBR,A,2011,3860,
ITA,ROADACCID,DEATH,NBR,A,2012,3753,
ITA,ROADACCID,DEATH,NBR,A,2013,3401,
ITA,ROADACCID,DEATH,NBR,A,2014,3381,
ITA,ROADACCID,DEATH,NBR,A,2015,3428,
ITA,ROADACCID,DEATH,NBR,A,2016,3283,
ITA,ROADACCID,DEATH,NBR,A,2017,3378,
ITA,ROADACCID,DEATH,NBR,A,2018,3325,
ITA,ROADACCID,DEATH,NBR,A,2019,3173,
POL,ROADACCID,DEATH,NBR,A,1994,6744,
POL,ROADACCID,DEATH,NBR,A,1995,6900,
POL,ROADACCID,DEATH,NBR,A,1996,6359,
POL,ROADACCID,DEATH,NBR,A,1997,7312,
POL,ROADACCID,DEATH,NBR,A,1998,7080,
POL,ROADACCID,DEATH,NBR,A,1999,6730,
POL,ROADACCID,DEATH,NBR,A,2000,6294,
POL,ROADACCID,DEATH,NBR,A,2001,5534,
POL,ROADACCID,DEATH,NBR,A,2002,5827,
POL,ROADACCID,DEATH,NBR,A,2003,5640,
POL,ROADACCID,DEATH,NBR,A,2004,5712,
POL,ROADACCID,DEATH,NBR,A,2005,5444,
POL,ROADACCID,DEATH,NBR,A,2006,5243,
POL,ROADACCID,DEATH,NBR,A,2007,5583,
POL,ROADACCID,DEATH,NBR,A,2008,5437,
POL,ROADACCID,DEATH,NBR,A,2009,4572,
POL,ROADACCID,DEATH,NBR,A,2010,3907,
POL,ROADACCID,DEATH,NBR,A,2011,4189,
POL,ROADACCID,DEATH,NBR,A,2012,3577,
POL,ROADACCID,DEATH,NBR,A,2013,3357,
POL,ROADACCID,DEATH,NBR,A,2014,3202,
POL,ROADACCID,DEATH,NBR,A,2015,2938,
POL,ROADACCID,DEATH,NBR,A,2016,3026,
POL,ROADACCID,DEATH,NBR,A,2017,2831,
POL,ROADACCID,DEATH,NBR,A,2018,2862,
POL,ROADACCID,DEATH,NBR,A,2019,2909,
BGR,ROADACCID,DEATH,NBR,A,1994,1390,
BGR,ROADACCID,DEATH,NBR,A,1995,1264,
BGR,ROADACCID,DEATH,NBR,A,1996,1014,
BGR,ROADACCID,DEATH,NBR,A,1997,915,
BGR,ROADACCID,DEATH,NBR,A,1998,1003,
BGR,ROADACCID,DEATH,NBR,A,1999,1047,
BGR,ROADACCID,DEATH,NBR,A,2000,1012,
BGR,ROADACCID,DEATH,NBR,A,2001,1011,
BGR,ROADACCID,DEATH,NBR,A,2002,959,
BGR,ROADACCID,DEATH,NBR,A,2003,960,
BGR,ROADACCID,DEATH,NBR,A,2004,943,
BGR,ROADACCID,DEATH,NBR,A,2005,957,
BGR,ROADACCID,DEATH,NBR,A,2006,1043,
BGR,ROADACCID,DEATH,NBR,A,2007,1006,
BGR,ROADACCID,DEATH,NBR,A,2008,1061,
BGR,ROADACCID,DEATH,NBR,A,2009,901,
BGR,ROADACCID,DEATH,NBR,A,2010,776,
BGR,ROADACCID,DEATH,NBR,A,2011,657,
BGR,ROADACCID,DEATH,NBR,A,2012,601,
BGR,ROADACCID,DEATH,NBR,A,2013,601,
BGR,ROADACCID,DEATH,NBR,A,2014,660,
BGR,ROADACCID,DEATH,NBR,A,2015,708,
BGR,ROADACCID,DEATH,NBR,A,2016,708,
BGR,ROADACCID,DEATH,NBR,A,2017,682,
BGR,ROADACCID,DEATH,NBR,A,2018,611,
BGR,ROADACCID,DEATH,NBR,A,2019,628,
RUS,ROADACCID,DEATH,NBR,A,1994,35599,
RUS,ROADACCID,DEATH,NBR,A,1995,32791,
RUS,ROADACCID,DEATH,NBR,A,1996,29468,
RUS,ROADACCID,DEATH,NBR,A,1997,27665,
RUS,ROADACCID,DEATH,NBR,A,1998,29021,
RUS,ROADACCID,DEATH,NBR,A,1999,29718,
RUS,ROADACCID,DEATH,NBR,A,2000,29594,
RUS,ROADACCID,DEATH,NBR,A,2001,30916,
RUS,ROADACCID,DEATH,NBR,A,2002,33243,
RUS,ROADACCID,DEATH,NBR,A,2003,35602,
RUS,ROADACCID,DEATH,NBR,A,2004,34506,
RUS,ROADACCID,DEATH,NBR,A,2005,33957,
RUS,ROADACCID,DEATH,NBR,A,2006,32724,
RUS,ROADACCID,DEATH,NBR,A,2007,33308,
RUS,ROADACCID,DEATH,NBR,A,2008,29936,
RUS,ROADACCID,DEATH,NBR,A,2009,27659,
RUS,ROADACCID,DEATH,NBR,A,2010,26567,
RUS,ROADACCID,DEATH,NBR,A,2011,27953,
RUS,ROADACCID,DEATH,NBR,A,2012,27991,
RUS,ROADACCID,DEATH,NBR,A,2013,27025,
RUS,ROADACCID,DEATH,NBR,A,2014,26958,
RUS,ROADACCID,DEATH,NBR,A,2015,23114,
RUS,ROADACCID,DEATH,NBR,A,2016,20308,
RUS,ROADACCID,DEATH,NBR,A,2017,19088,
RUS,ROADACCID,DEATH,NBR,A,2018,18214,
RUS,ROADACCID,DEATH,NBR,A,2019,16981,
HRV,ROADACCID,DEATH,NBR,A,1994,804,
HRV,ROADACCID,DEATH,NBR,A,1995,800,
HRV,ROADACCID,DEATH,NBR,A,1996,721,
HRV,ROADACCID,DEATH,NBR,A,1997,714,
HRV,ROADACCID,DEATH,NBR,A,1998,646,
HRV,ROADACCID,DEATH,NBR,A,1999,662,
HRV,ROADACCID,DEATH,NBR,A,2000,655,
HRV,ROADACCID,DEATH,NBR,A,2001,647,
HRV,ROADACCID,DEATH,NBR,A,2002,627,
HRV,ROADACCID,DEATH,NBR,A,2003,701,
HRV,ROADACCID,DEATH,NBR,A,2004,608,
HRV,ROADACCID,DEATH,NBR,A,2005,597,
HRV,ROADACCID,DEATH,NBR,A,2006,614,
HRV,ROADACCID,DEATH,NBR,A,2007,619,
HRV,ROADACCID,DEATH,NBR,A,2008,664,
HRV,ROADACCID,DEATH,NBR,A,2009,548,
HRV,ROADACCID,DEATH,NBR,A,2010,426,
HRV,ROADACCID,DEATH,NBR,A,2011,418,
HRV,ROADACCID,DEATH,NBR,A,2012,393,
HRV,ROADACCID,DEATH,NBR,A,2013,368,
HRV,ROADACCID,DEATH,NBR,A,2014,308,
HRV,ROADACCID,DEATH,NBR,A,2015,348,
HRV,ROADACCID,DEATH,NBR,A,2016,307,
HRV,ROADACCID,DEATH,NBR,A,2017,331,
HRV,ROADACCID,DEATH,NBR,A,2018,317,
HRV,ROADACCID,DEATH,NBR,A,2019,297,
MEX,ROADACCID,DEATH,NBR,A,1994,5115,
MEX,ROADACCID,DEATH,NBR,A,1995,4678,
MEX,ROADACCID,DEATH,NBR,A,1996,4810,
MEX,ROADACCID,DEATH,NBR,A,1997,4975,
MEX,ROADACCID,DEATH,NBR,A,1998,5064,
MEX,ROADACCID,DEATH,NBR,A,1999,5106,
MEX,ROADACCID,DEATH,NBR,A,2000,5224,
MEX,ROADACCID,DEATH,NBR,A,2001,5147,
MEX,ROADACCID,DEATH,NBR,A,2002,4864,
MEX,ROADACCID,DEATH,NBR,A,2003,4650,
MEX,ROADACCID,DEATH,NBR,A,2004,4603,
MEX,ROADACCID,DEATH,NBR,A,2005,4710,
MEX,ROADACCID,DEATH,NBR,A,2006,4908,
MEX,ROADACCID,DEATH,NBR,A,2007,5398,
MEX,ROADACCID,DEATH,NBR,A,2008,5379,
MEX,ROADACCID,DEATH,NBR,A,2009,4869,
MEX,ROADACCID,DEATH,NBR,A,2010,5032,
MEX,ROADACCID,DEATH,NBR,A,2011,4406,
MEX,ROADACCID,DEATH,NBR,A,2012,4539,
MEX,ROADACCID,DEATH,NBR,A,2013,3849,
MEX,ROADACCID,DEATH,NBR,A,2014,3774,
MEX,ROADACCID,DEATH,NBR,A,2015,3490,
MEX,ROADACCID,DEATH,NBR,A,2016,3371,
MEX,ROADACCID,DEATH,NBR,A,2017,2919,
FRA,ROADACCID,DEATH,NBR,A,1994,9019,
FRA,ROADACCID,DEATH,NBR,A,1995,8891,
FRA,ROADACCID,DEATH,NBR,A,1996,8541,
FRA,ROADACCID,DEATH,NBR,A,1997,8444,
FRA,ROADACCID,DEATH,NBR,A,1998,8918,
FRA,ROADACCID,DEATH,NBR,A,1999,8487,
FRA,ROADACCID,DEATH,NBR,A,2000,8079,
FRA,ROADACCID,DEATH,NBR,A,2001,8160,
FRA,ROADACCID,DEATH,NBR,A,2002,7655,
FRA,ROADACCID,DEATH,NBR,A,2003,6058,
FRA,ROADACCID,DEATH,NBR,A,2004,5593,
FRA,ROADACCID,DEATH,NBR,A,2005,5318,
FRA,ROADACCID,DEATH,NBR,A,2006,4709,
FRA,ROADACCID,DEATH,NBR,A,2007,4620,
FRA,ROADACCID,DEATH,NBR,A,2008,4275,
FRA,ROADACCID,DEATH,NBR,A,2009,4273,
FRA,ROADACCID,DEATH,NBR,A,2010,3992,
FRA,ROADACCID,DEATH,NBR,A,2011,3963,
FRA,ROADACCID,DEATH,NBR,A,2012,3653,
FRA,ROADACCID,DEATH,NBR,A,2013,3268,
FRA,ROADACCID,DEATH,NBR,A,2014,3384,
FRA,ROADACCID,DEATH,NBR,A,2015,3461,
FRA,ROADACCID,DEATH,NBR,A,2016,3477,
FRA,ROADACCID,DEATH,NBR,A,2017,3448,
FRA,ROADACCID,DEATH,NBR,A,2018,3248,
FRA,ROADACCID,DEATH,NBR,A,2019,3244,
TUR,ROADACCID,DEATH,NBR,A,1994,5942,
TUR,ROADACCID,DEATH,NBR,A,1995,6004,
TUR,ROADACCID,DEATH,NBR,A,1996,5428,
TUR,ROADACCID,DEATH,NBR,A,1997,5125,
TUR,ROADACCID,DEATH,NBR,A,1998,6093,
TUR,ROADACCID,DEATH,NBR,A,1999,5713,
TUR,ROADACCID,DEATH,NBR,A,2000,5510,
TUR,ROADACCID,DEATH,NBR,A,2001,4386,
TUR,ROADACCID,DEATH,NBR,A,2002,4093,
TUR,ROADACCID,DEATH,NBR,A,2003,3946,
TUR,ROADACCID,DEATH,NBR,A,2004,4427,
TUR,ROADACCID,DEATH,NBR,A,2005,4505,
TUR,ROADACCID,DEATH,NBR,A,2006,4633,
TUR,ROADACCID,DEATH,NBR,A,2007,5007,
TUR,ROADACCID,DEATH,NBR,A,2008,4236,
TUR,ROADACCID,DEATH,NBR,A,2009,4324,
TUR,ROADACCID,DEATH,NBR,A,2010,4045,
TUR,ROADACCID,DEATH,NBR,A,2011,3835,
TUR,ROADACCID,DEATH,NBR,A,2012,3750,
TUR,ROADACCID,DEATH,NBR,A,2013,3685,
TUR,ROADACCID,DEATH,NBR,A,2014,3524,
TUR,ROADACCID,DEATH,NBR,A,2015,7530,B
TUR,ROADACCID,DEATH,NBR,A,2016,7300,
TUR,ROADACCID,DEATH,NBR,A,2017,7427,
TUR,ROADACCID,DEATH,NBR,A,2018,6675,
TUR,ROADACCID,DEATH,NBR,A,2019,5473,
SWE,ROADACCID,DEATH,NBR,A,1994,589,
SWE,ROADACCID,DEATH,NBR,A,1995,572,
SWE,ROADACCID,DEATH,NBR,A,1996,537,
SWE,ROADACCID,DEATH,NBR,A,1997,541,
SWE,ROADACCID,DEATH,NBR,A,1998,531,
SWE,ROADACCID,DEATH,NBR,A,1999,580,
SWE,ROADACCID,DEATH,NBR,A,2000,591,
SWE,ROADACCID,DEATH,NBR,A,2001,583,
SWE,ROADACCID,DEATH,NBR,A,2002,560,
SWE,ROADACCID,DEATH,NBR,A,2003,529,
SWE,ROADACCID,DEATH,NBR,A,2004,480,
SWE,ROADACCID,DEATH,NBR,A,2005,440,
SWE,ROADACCID,DEATH,NBR,A,2006,445,
SWE,ROADACCID,DEATH,NBR,A,2007,471,
SWE,ROADACCID,DEATH,NBR,A,2008,397,
SWE,ROADACCID,DEATH,NBR,A,2009,358,
SWE,ROADACCID,DEATH,NBR,A,2010,266,B
SWE,ROADACCID,DEATH,NBR,A,2011,319,
SWE,ROADACCID,DEATH,NBR,A,2012,285,
SWE,ROADACCID,DEATH,NBR,A,2013,260,
SWE,ROADACCID,DEATH,NBR,A,2014,270,
SWE,ROADACCID,DEATH,NBR,A,2015,259,
SWE,ROADACCID,DEATH,NBR,A,2016,270,
SWE,ROADACCID,DEATH,NBR,A,2017,252,
SWE,ROADACCID,DEATH,NBR,A,2018,324,
SWE,ROADACCID,DEATH,NBR,A,2019,221,
IND,ROADACCID,DEATH,NBR,A,1994,64463,
IND,ROADACCID,DEATH,NBR,A,1995,70781,
IND,ROADACCID,DEATH,NBR,A,1996,74665,
IND,ROADACCID,DEATH,NBR,A,1997,76977,
IND,ROADACCID,DEATH,NBR,A,1998,79919,
IND,ROADACCID,DEATH,NBR,A,1999,81966,
IND,ROADACCID,DEATH,NBR,A,2000,78911,
IND,ROADACCID,DEATH,NBR,A,2001,80888,
IND,ROADACCID,DEATH,NBR,A,2002,84674,
IND,ROADACCID,DEATH,NBR,A,2003,85998,
IND,ROADACCID,DEATH,NBR,A,2004,92618,
IND,ROADACCID,DEATH,NBR,A,2005,94968,
IND,ROADACCID,DEATH,NBR,A,2006,105749,
IND,ROADACCID,DEATH,NBR,A,2007,114444,
IND,ROADACCID,DEATH,NBR,A,2008,119860,
IND,ROADACCID,DEATH,NBR,A,2009,125660,
IND,ROADACCID,DEATH,NBR,A,2010,134513,
IND,ROADACCID,DEATH,NBR,A,2011,142485,
IND,ROADACCID,DEATH,NBR,A,2012,138258,
IND,ROADACCID,DEATH,NBR,A,2013,137572,
IND,ROADACCID,DEATH,NBR,A,2014,139671,
IND,ROADACCID,DEATH,NBR,A,2015,146133,
IND,ROADACCID,DEATH,NBR,A,2016,150785,
IND,ROADACCID,DEATH,NBR,A,2017,147913,
DNK,ROADACCID,DEATH,NBR,A,1994,546,
DNK,ROADACCID,DEATH,NBR,A,1995,582,
DNK,ROADACCID,DEATH,NBR,A,1996,514,
DNK,ROADACCID,DEATH,NBR,A,1997,489,
DNK,ROADACCID,DEATH,NBR,A,1998,499,
DNK,ROADACCID,DEATH,NBR,A,1999,514,
DNK,ROADACCID,DEATH,NBR,A,2000,498,
DNK,ROADACCID,DEATH,NBR,A,2001,431,
DNK,ROADACCID,DEATH,NBR,A,2002,463,
DNK,ROADACCID,DEATH,NBR,A,2003,432,
DNK,ROADACCID,DEATH,NBR,A,2004,369,
DNK,ROADACCID,DEATH,NBR,A,2005,331,
DNK,ROADACCID,DEATH,NBR,A,2006,306,
DNK,ROADACCID,DEATH,NBR,A,2007,406,
DNK,ROADACCID,DEATH,NBR,A,2008,406,
DNK,ROADACCID,DEATH,NBR,A,2009,303,
DNK,ROADACCID,DEATH,NBR,A,2010,255,
DNK,ROADACCID,DEATH,NBR,A,2011,220,
DNK,ROADACCID,DEATH,NBR,A,2012,167,
DNK,ROADACCID,DEATH,NBR,A,2013,191,
DNK,ROADACCID,DEATH,NBR,A,2014,182,
DNK,ROADACCID,DEATH,NBR,A,2015,178,
DNK,ROADACCID,DEATH,NBR,A,2016,211,
DNK,ROADACCID,DEATH,NBR,A,2017,175,
DNK,ROADACCID,DEATH,NBR,A,2018,171,
DNK,ROADACCID,DEATH,NBR,A,2019,199,
IRL,ROADACCID,DEATH,NBR,A,1994,404,
IRL,ROADACCID,DEATH,NBR,A,1995,437,
IRL,ROADACCID,DEATH,NBR,A,1996,453,
IRL,ROADACCID,DEATH,NBR,A,1997,472,
IRL,ROADACCID,DEATH,NBR,A,1998,458,
IRL,ROADACCID,DEATH,NBR,A,1999,413,
IRL,ROADACCID,DEATH,NBR,A,2000,415,
IRL,ROADACCID,DEATH,NBR,A,2001,411,
IRL,ROADACCID,DEATH,NBR,A,2002,376,
IRL,ROADACCID,DEATH,NBR,A,2003,335,
IRL,ROADACCID,DEATH,NBR,A,2004,374,
IRL,ROADACCID,DEATH,NBR,A,2005,396,
IRL,ROADACCID,DEATH,NBR,A,2006,365,
IRL,ROADACCID,DEATH,NBR,A,2007,338,
IRL,ROADACCID,DEATH,NBR,A,2008,279,
IRL,ROADACCID,DEATH,NBR,A,2009,238,
IRL,ROADACCID,DEATH,NBR,A,2010,212,
IRL,ROADACCID,DEATH,NBR,A,2011,186,
IRL,ROADACCID,DEATH,NBR,A,2012,163,
IRL,ROADACCID,DEATH,NBR,A,2013,188,
IRL,ROADACCID,DEATH,NBR,A,2014,192,
IRL,ROADACCID,DEATH,NBR,A,2015,162,
IRL,ROADACCID,DEATH,NBR,A,2016,182,
IRL,ROADACCID,DEATH,NBR,A,2017,155,
IRL,ROADACCID,DEATH,NBR,A,2018,139,P
IRL,ROADACCID,DEATH,NBR,A,2019,140,P
ARM,ROADACCID,DEATH,NBR,A,1997,261,
ARM,ROADACCID,DEATH,NBR,A,1998,316,
ARM,ROADACCID,DEATH,NBR,A,1999,229,
ARM,ROADACCID,DEATH,NBR,A,2000,214,
ARM,ROADACCID,DEATH,NBR,A,2001,237,
ARM,ROADACCID,DEATH,NBR,A,2002,235,
ARM,ROADACCID,DEATH,NBR,A,2003,252,
ARM,ROADACCID,DEATH,NBR,A,2004,259,
ARM,ROADACCID,DEATH,NBR,A,2005,310,
ARM,ROADACCID,DEATH,NBR,A,2006,332,
ARM,ROADACCID,DEATH,NBR,A,2007,371,
ARM,ROADACCID,DEATH,NBR,A,2008,407,
ARM,ROADACCID,DEATH,NBR,A,2009,325,
ARM,ROADACCID,DEATH,NBR,A,2010,294,E
ARM,ROADACCID,DEATH,NBR,A,2011,327,E
ARM,ROADACCID,DEATH,NBR,A,2012,311,E
ARM,ROADACCID,DEATH,NBR,A,2013,316,E
ARM,ROADACCID,DEATH,NBR,A,2014,297,
ARM,ROADACCID,DEATH,NBR,A,2015,346,
ARM,ROADACCID,DEATH,NBR,A,2016,267,
ARM,ROADACCID,DEATH,NBR,A,2017,279,
NOR,ROADACCID,DEATH,NBR,A,1994,283,
NOR,ROADACCID,DEATH,NBR,A,1995,305,
NOR,ROADACCID,DEATH,NBR,A,1996,255,
NOR,ROADACCID,DEATH,NBR,A,1997,303,
NOR,ROADACCID,DEATH,NBR,A,1998,352,
NOR,ROADACCID,DEATH,NBR,A,1999,304,
NOR,ROADACCID,DEATH,NBR,A,2000,341,
NOR,ROADACCID,DEATH,NBR,A,2001,275,
NOR,ROADACCID,DEATH,NBR,A,2002,310,
NOR,ROADACCID,DEATH,NBR,A,2003,280,
NOR,ROADACCID,DEATH,NBR,A,2004,257,
NOR,ROADACCID,DEATH,NBR,A,2005,224,
NOR,ROADACCID,DEATH,NBR,A,2006,242,
NOR,ROADACCID,DEATH,NBR,A,2007,233,
NOR,ROADACCID,DEATH,NBR,A,2008,255,
NOR,ROADACCID,DEATH,NBR,A,2009,212,
NOR,ROADACCID,DEATH,NBR,A,2010,208,
NOR,ROADACCID,DEATH,NBR,A,2011,168,
NOR,ROADACCID,DEATH,NBR,A,2012,145,
NOR,ROADACCID,DEATH,NBR,A,2013,187,
NOR,ROADACCID,DEATH,NBR,A,2014,147,
NOR,ROADACCID,DEATH,NBR,A,2015,117,
NOR,ROADACCID,DEATH,NBR,A,2016,135,
NOR,ROADACCID,DEATH,NBR,A,2017,106,
NOR,ROADACCID,DEATH,NBR,A,2018,108,
NOR,ROADACCID,DEATH,NBR,A,2019,108,
LVA,ROADACCID,DEATH,NBR,A,1994,717,
LVA,ROADACCID,DEATH,NBR,A,1995,611,
LVA,ROADACCID,DEATH,NBR,A,1996,550,
LVA,ROADACCID,DEATH,NBR,A,1997,525,
LVA,ROADACCID,DEATH,NBR,A,1998,627,
LVA,ROADACCID,DEATH,NBR,A,1999,604,
LVA,ROADACCID,DEATH,NBR,A,2000,588,
LVA,ROADACCID,DEATH,NBR,A,2001,517,
LVA,ROADACCID,DEATH,NBR,A,2002,518,
LVA,ROADACCID,DEATH,NBR,A,2003,493,
LVA,ROADACCID,DEATH,NBR,A,2004,516,
LVA,ROADACCID,DEATH,NBR,A,2005,442,
LVA,ROADACCID,DEATH,NBR,A,2006,407,
LVA,ROADACCID,DEATH,NBR,A,2007,419,
LVA,ROADACCID,DEATH,NBR,A,2008,316,
LVA,ROADACCID,DEATH,NBR,A,2009,254,
LVA,ROADACCID,DEATH,NBR,A,2010,218,
LVA,ROADACCID,DEATH,NBR,A,2011,179,
LVA,ROADACCID,DEATH,NBR,A,2012,177,
LVA,ROADACCID,DEATH,NBR,A,2013,179,
LVA,ROADACCID,DEATH,NBR,A,2014,212,
LVA,ROADACCID,DEATH,NBR,A,2015,188,
LVA,ROADACCID,DEATH,NBR,A,2016,158,
LVA,ROADACCID,DEATH,NBR,A,2017,136,
LVA,ROADACCID,DEATH,NBR,A,2018,151,
LVA,ROADACCID,DEATH,NBR,A,2019,135,
SRB,ROADACCID,DEATH,NBR,A,1999,1100,
SRB,ROADACCID,DEATH,NBR,A,2000,1048,
SRB,ROADACCID,DEATH,NBR,A,2001,1273,
SRB,ROADACCID,DEATH,NBR,A,2002,847,
SRB,ROADACCID,DEATH,NBR,A,2003,858,
SRB,ROADACCID,DEATH,NBR,A,2004,953,
SRB,ROADACCID,DEATH,NBR,A,2005,841,
SRB,ROADACCID,DEATH,NBR,A,2006,900,
SRB,ROADACCID,DEATH,NBR,A,2007,962,
SRB,ROADACCID,DEATH,NBR,A,2008,897,
SRB,ROADACCID,DEATH,NBR,A,2009,808,
SRB,ROADACCID,DEATH,NBR,A,2010,656,
SRB,ROADACCID,DEATH,NBR,A,2011,728,
SRB,ROADACCID,DEATH,NBR,A,2012,684,
SRB,ROADACCID,DEATH,NBR,A,2013,646,
SRB,ROADACCID,DEATH,NBR,A,2014,536,
SRB,ROADACCID,DEATH,NBR,A,2015,601,
SRB,ROADACCID,DEATH,NBR,A,2016,606,
SRB,ROADACCID,DEATH,NBR,A,2017,578,
SRB,ROADACCID,DEATH,NBR,A,2018,542,
SRB,ROADACCID,DEATH,NBR,A,2019,531,
DEU,ROADACCID,DEATH,NBR,A,1994,9814,
DEU,ROADACCID,DEATH,NBR,A,1995,9454,
DEU,ROADACCID,DEATH,NBR,A,1996,8758,
DEU,ROADACCID,DEATH,NBR,A,1997,8549,
DEU,ROADACCID,DEATH,NBR,A,1998,7792,
DEU,ROADACCID,DEATH,NBR,A,1999,7772,
DEU,ROADACCID,DEATH,NBR,A,2000,7503,
DEU,ROADACCID,DEATH,NBR,A,2001,6977,
DEU,ROADACCID,DEATH,NBR,A,2002,6842,
DEU,ROADACCID,DEATH,NBR,A,2003,6613,
DEU,ROADACCID,DEATH,NBR,A,2004,5842,
DEU,ROADACCID,DEATH,NBR,A,2005,5361,
DEU,ROADACCID,DEATH,NBR,A,2006,5091,
DEU,ROADACCID,DEATH,NBR,A,2007,4949,
DEU,ROADACCID,DEATH,NBR,A,2008,4477,
DEU,ROADACCID,DEATH,NBR,A,2009,4152,
DEU,ROADACCID,DEATH,NBR,A,2010,3648,
DEU,ROADACCID,DEATH,NBR,A,2011,4009,
DEU,ROADACCID,DEATH,NBR,A,2012,3600,
DEU,ROADACCID,DEATH,NBR,A,2013,3339,
DEU,ROADACCID,DEATH,NBR,A,2014,3377,
DEU,ROADACCID,DEATH,NBR,A,2015,3459,
DEU,ROADACCID,DEATH,NBR,A,2016,3206,
DEU,ROADACCID,DEATH,NBR,A,2017,3180,
DEU,ROADACCID,DEATH,NBR,A,2018,3275,
DEU,ROADACCID,DEATH,NBR,A,2019,3046,
ISR,ROADACCID,DEATH,NBR,A,1994,685,
ISR,ROADACCID,DEATH,NBR,A,1995,709,
ISR,ROADACCID,DEATH,NBR,A,1996,601,
ISR,ROADACCID,DEATH,NBR,A,1997,627,
ISR,ROADACCID,DEATH,NBR,A,1998,636,
ISR,ROADACCID,DEATH,NBR,A,1999,549,
ISR,ROADACCID,DEATH,NBR,A,2000,516,
ISR,ROADACCID,DEATH,NBR,A,2001,565,
ISR,ROADACCID,DEATH,NBR,A,2002,548,
ISR,ROADACCID,DEATH,NBR,A,2003,480,
ISR,ROADACCID,DEATH,NBR,A,2004,505,
ISR,ROADACCID,DEATH,NBR,A,2005,465,
ISR,ROADACCID,DEATH,NBR,A,2006,439,
ISR,ROADACCID,DEATH,NBR,A,2007,415,
ISR,ROADACCID,DEATH,NBR,A,2008,433,
ISR,ROADACCID,DEATH,NBR,A,2009,346,
ISR,ROADACCID,DEATH,NBR,A,2010,375,
ISR,ROADACCID,DEATH,NBR,A,2011,382,
ISR,ROADACCID,DEATH,NBR,A,2012,290,
ISR,ROADACCID,DEATH,NBR,A,2013,309,B
ISR,ROADACCID,DEATH,NBR,A,2014,319,
ISR,ROADACCID,DEATH,NBR,A,2015,356,
ISR,ROADACCID,DEATH,NBR,A,2016,377,
ISR,ROADACCID,DEATH,NBR,A,2017,364,
ISR,ROADACCID,DEATH,NBR,A,2018,316,
ISR,ROADACCID,DEATH,NBR,A,2019,355,
ARG,ROADACCID,DEATH,NBR,A,2008,5759,
ARG,ROADACCID,DEATH,NBR,A,2009,5219,
ARG,ROADACCID,DEATH,NBR,A,2010,5094,
ARG,ROADACCID,DEATH,NBR,A,2011,5040,
ARG,ROADACCID,DEATH,NBR,A,2012,5074,
ARG,ROADACCID,DEATH,NBR,A,2013,5209,
ARG,ROADACCID,DEATH,NBR,A,2014,5279,
ARG,ROADACCID,DEATH,NBR,A,2016,5582,
ARG,ROADACCID,DEATH,NBR,A,2017,5420,P
CHL,ROADACCID,DEATH,NBR,A,1994,2290.6,
CHL,ROADACCID,DEATH,NBR,A,1995,2457,
CHL,ROADACCID,DEATH,NBR,A,1996,2502.5,
CHL,ROADACCID,DEATH,NBR,A,1997,2447.9,
CHL,ROADACCID,DEATH,NBR,A,1998,2546.7,
CHL,ROADACCID,DEATH,NBR,A,1999,2151.5,
CHL,ROADACCID,DEATH,NBR,A,2000,2207.4,
CHL,ROADACCID,DEATH,NBR,A,2001,2030.6,
CHL,ROADACCID,DEATH,NBR,A,2002,2011.1,
CHL,ROADACCID,DEATH,NBR,A,2003,2213.9,
CHL,ROADACCID,DEATH,NBR,A,2004,2281.5,
CHL,ROADACCID,DEATH,NBR,A,2005,2112.5,
CHL,ROADACCID,DEATH,NBR,A,2006,2146.3,
CHL,ROADACCID,DEATH,NBR,A,2007,2138.5,
CHL,ROADACCID,DEATH,NBR,A,2008,2316.6,
CHL,ROADACCID,DEATH,NBR,A,2009,1959.1,
CHL,ROADACCID,DEATH,NBR,A,2010,2069.6,
CHL,ROADACCID,DEATH,NBR,A,2011,2043.6,
CHL,ROADACCID,DEATH,NBR,A,2012,1978.6,
CHL,ROADACCID,DEATH,NBR,A,2013,2103.4,
CHL,ROADACCID,DEATH,NBR,A,2014,2116.4,
CHL,ROADACCID,DEATH,NBR,A,2015,2135.9,
CHL,ROADACCID,DEATH,NBR,A,2016,2177.5,
CHL,ROADACCID,DEATH,NBR,A,2017,1925.3,
CHL,ROADACCID,DEATH,NBR,A,2018,1955.2,
CHL,ROADACCID,DEATH,NBR,A,2019,1972.8,B
MAR,ROADACCID,DEATH,NBR,A,2000,3627,
MAR,ROADACCID,DEATH,NBR,A,2010,3778,
MAR,ROADACCID,DEATH,NBR,A,2011,4222,
MAR,ROADACCID,DEATH,NBR,A,2012,4167,
MAR,ROADACCID,DEATH,NBR,A,2013,3832,
MAR,ROADACCID,DEATH,NBR,A,2014,3489,
MAR,ROADACCID,DEATH,NBR,A,2015,3776,
MAR,ROADACCID,DEATH,NBR,A,2016,3785,
MAR,ROADACCID,DEATH,NBR,A,2017,3726,
MAR,ROADACCID,DEATH,NBR,A,2018,3485,
